﻿<?xml version="1.0" encoding="utf-8" ?>
<resources>
  <style name="MasterDetailTheme" parent="MasterDetailTheme.Base">
  </style>
  <style name="MasterDetailTheme.Base" parent="Theme.AppCompat.Light.NoActionBar">
    <item name="colorPrimary">@color/primary</item>
    <item name="colorPrimaryDark">@color/primaryDark</item>
    <item name="colorAccent">@color/accent</item>
    <item name="android:windowBackground">@color/window_background</item>
    <item name="windowActionModeOverlay">true</item>
  </style>


  <style name="SplashTheme" parent="SplashTheme.Base">
    <!-- Set theme colors from http://www.google.com/design/spec/style/color.html#color-color-palette-->
    <!-- colorPrimary is used for the default action bar background -->
    <item name="colorPrimary">@color/primary</item>
    <!-- colorPrimaryDark is used for the status bar -->
    <item name="colorPrimaryDark">@color/primaryDark</item>
    <!-- colorAccent is used as the default value for colorControlActivated
         which is used to tint widgets -->
    <item name="colorAccent">@color/accent</item>
  </style>
  <style name="SplashTheme.Base" parent="Theme.AppCompat.Light.NoActionBar">
    <item name="android:windowBackground">@drawable/background_splash</item>
  </style>

  <style name="button_primary" parent="@android:style/Widget.Button">
    <item name="colorButtonNormal">@color/primary</item>
    <item name="android:textColor">@android:color/white</item>
  </style>

  <style name="Widget.CardContent" parent="android:Widget">
    <item name="android:paddingLeft">16dp</item>
    <item name="android:paddingRight">16dp</item>
    <item name="android:paddingTop">24dp</item>
    <item name="android:paddingBottom">24dp</item>
    <item name="android:orientation">vertical</item>
  </style>

</resources>